cycle,elapsed_s,sensor1_id,sensor1_grams,sensor2_id,sensor2_grams,total_weight_1_2,sensor1_raw_i32,sensor2_raw_i32
1,0.011240,1,0.000000,2,0.000000,0.000000,-4839,-5859
2,0.020516,1,0.000000,2,0.000000,0.000000,-4839,-5859
3,0.030050,1,0.000000,2,0.000000,0.000000,-4839,-5859
4,0.039611,1,0.000000,2,0.000000,0.000000,-4839,-5859
5,0.049257,1,0.000000,2,0.000000,0.000000,-4839,-5859
6,0.059171,1,0.000000,2,0.000000,0.000000,-4839,-5859
7,0.069951,1,0.000000,2,0.000000,0.000000,-4839,-5859
8,0.079213,1,0.000000,2,0.000000,0.000000,-4839,-5859
9,0.089102,1,0.000000,2,0.000000,0.000000,-4839,-5859
10,0.098499,1,0.000000,2,0.000000,0.000000,-4839,-5859
11,0.109563,1,0.000000,2,0.000000,0.000000,-4839,-5859
12,0.119125,1,0.000000,2,0.000000,0.000000,-4839,-5859
13,0.128618,1,0.000000,2,0.000000,0.000000,-4839,-5859
14,0.138900,1,0.000000,2,0.000000,0.000000,-4839,-5859
15,0.148867,1,0.000000,2,0.000000,0.000000,-4839,-5859
16,0.158983,1,0.000000,2,0.000000,0.000000,-4839,-5859
17,0.168838,1,0.000000,2,0.000000,0.000000,-4839,-5859
18,0.178124,1,0.000000,2,0.000000,0.000000,-4839,-5859
19,0.187295,1,0.000000,2,0.000000,0.000000,-4839,-5859
20,0.196417,1,0.000000,2,0.000000,0.000000,-4839,-5859
21,0.205739,1,0.000000,2,0.000000,0.000000,-4839,-5859
22,0.215631,1,0.000000,2,0.000000,0.000000,-4839,-5859
23,0.225543,1,0.000000,2,0.000000,0.000000,-4839,-5859
24,0.235231,1,0.000000,2,0.000000,0.000000,-4839,-5859
25,0.245266,1,0.000000,2,0.000000,0.000000,-4839,-5859
26,0.255299,1,0.000000,2,0.000000,0.000000,-4839,-5859
27,0.265329,1,0.000000,2,0.000000,0.000000,-4839,-5859
28,0.274790,1,0.000000,2,0.000000,0.000000,-4839,-5859
29,0.283868,1,0.000000,2,0.000000,0.000000,-4839,-5859
30,0.294252,1,0.000000,2,0.000000,0.000000,-4839,-5859
31,0.304519,1,0.000000,2,0.000000,0.000000,-4839,-5859
32,0.314086,1,0.000000,2,0.000000,0.000000,-4839,-5859
33,0.324353,1,0.000000,2,0.000000,0.000000,-4839,-5859
34,0.333518,1,0.000000,2,0.000000,0.000000,-4839,-5859
35,0.343348,1,0.000000,2,0.000000,0.000000,-4839,-5859
36,0.352843,1,0.000000,2,0.000000,0.000000,-4839,-5859
37,0.362069,1,0.000000,2,0.000000,0.000000,-4839,-5859
38,0.372010,1,0.000000,2,0.000000,0.000000,-4839,-5859
39,0.381558,1,0.000000,2,0.000000,0.000000,-4839,-5859
40,0.391098,1,0.000000,2,0.000000,0.000000,-4839,-5859
41,0.400585,1,0.000000,2,0.000000,0.000000,-4839,-5859
42,0.410417,1,0.000000,2,0.000000,0.000000,-4839,-5859
43,0.420246,1,-1.000000,2,0.000000,-1.000000,-4840,-5859
44,0.429739,1,-1.000000,2,0.000000,-1.000000,-4840,-5859
45,0.439590,1,-1.000000,2,0.000000,-1.000000,-4840,-5859
46,0.449079,1,-1.000000,2,0.000000,-1.000000,-4840,-5859
47,0.459155,1,-1.000000,2,0.000000,-1.000000,-4840,-5859
48,0.468950,1,-1.000000,2,0.000000,-1.000000,-4840,-5859
49,0.478521,1,-1.000000,2,0.000000,-1.000000,-4840,-5859
50,0.488358,1,-1.000000,2,0.000000,-1.000000,-4840,-5859
51,0.498235,1,-1.000000,2,0.000000,-1.000000,-4840,-5859
52,0.507644,1,-1.000000,2,0.000000,-1.000000,-4840,-5859
53,0.517448,1,-1.000000,2,0.000000,-1.000000,-4840,-5859
54,0.526480,1,-1.000000,2,0.000000,-1.000000,-4840,-5859
55,0.536028,1,-1.000000,2,0.000000,-1.000000,-4840,-5859
56,0.545916,1,-1.000000,2,0.000000,-1.000000,-4840,-5859
57,0.554855,1,-1.000000,2,0.000000,-1.000000,-4840,-5859
58,0.563685,1,-1.000000,2,0.000000,-1.000000,-4840,-5859
59,0.572985,1,-1.000000,2,0.000000,-1.000000,-4840,-5859
60,0.582856,1,-1.000000,2,0.000000,-1.000000,-4840,-5859
61,0.592319,1,-1.000000,2,0.000000,-1.000000,-4840,-5859
62,0.603659,1,-1.000000,2,0.000000,-1.000000,-4840,-5859
63,0.613313,1,-1.000000,2,0.000000,-1.000000,-4840,-5859
64,0.623029,1,-1.000000,2,0.000000,-1.000000,-4840,-5859
65,0.631820,1,-1.000000,2,0.000000,-1.000000,-4840,-5859
66,0.640723,1,-1.000000,2,0.000000,-1.000000,-4840,-5859
67,0.649682,1,-1.000000,2,0.000000,-1.000000,-4840,-5859
68,0.659085,1,-1.000000,2,0.000000,-1.000000,-4840,-5859
69,0.667989,1,-1.000000,2,0.000000,-1.000000,-4840,-5859
70,0.677483,1,-1.000000,2,0.000000,-1.000000,-4840,-5859
71,0.686842,1,-1.000000,2,0.000000,-1.000000,-4840,-5859
72,0.696751,1,-1.000000,2,0.000000,-1.000000,-4840,-5859
73,0.706195,1,-1.000000,2,0.000000,-1.000000,-4840,-5859
74,0.716070,1,-1.000000,2,0.000000,-1.000000,-4840,-5859
75,0.726049,1,-1.000000,2,0.000000,-1.000000,-4840,-5859
76,0.735806,1,-1.000000,2,0.000000,-1.000000,-4840,-5859
77,0.745299,1,-1.000000,2,0.000000,-1.000000,-4840,-5859
78,0.755165,1,-1.000000,2,0.000000,-1.000000,-4840,-5859
79,0.764662,1,-1.000000,2,0.000000,-1.000000,-4840,-5859
80,0.774106,1,-1.000000,2,0.000000,-1.000000,-4840,-5859
81,0.783567,1,-1.000000,2,0.000000,-1.000000,-4840,-5859
82,0.792624,1,-1.000000,2,0.000000,-1.000000,-4840,-5859
83,0.802028,1,-1.000000,2,0.000000,-1.000000,-4840,-5859
84,0.811478,1,-1.000000,2,0.000000,-1.000000,-4840,-5859
85,0.820666,1,-1.000000,2,0.000000,-1.000000,-4840,-5859
86,0.829794,1,-1.000000,2,0.000000,-1.000000,-4840,-5859
87,0.839736,1,-1.000000,2,0.000000,-1.000000,-4840,-5859
88,0.849312,1,-1.000000,2,0.000000,-1.000000,-4840,-5859
89,0.858758,1,-1.000000,2,0.000000,-1.000000,-4840,-5859
90,0.868701,1,-1.000000,2,0.000000,-1.000000,-4840,-5859
91,0.878245,1,-1.000000,2,0.000000,-1.000000,-4840,-5859
92,0.887556,1,-1.000000,2,0.000000,-1.000000,-4840,-5859
93,0.897295,1,-1.000000,2,0.000000,-1.000000,-4840,-5859
94,0.908068,1,-1.000000,2,0.000000,-1.000000,-4840,-5859
95,0.917724,1,-1.000000,2,0.000000,-1.000000,-4840,-5859
96,0.926818,1,-1.000000,2,0.000000,-1.000000,-4840,-5859
97,0.936120,1,-1.000000,2,0.000000,-1.000000,-4840,-5859
98,0.945338,1,-1.000000,2,0.000000,-1.000000,-4840,-5859
99,0.955010,1,-1.000000,2,0.000000,-1.000000,-4840,-5859
100,0.964158,1,-1.000000,2,0.000000,-1.000000,-4840,-5859
101,0.972085,1,-1.000000,2,0.000000,-1.000000,-4840,-5859
102,0.981377,1,-1.000000,2,0.000000,-1.000000,-4840,-5859
103,0.990359,1,-1.000000,2,0.000000,-1.000000,-4840,-5859
104,0.999784,1,-1.000000,2,0.000000,-1.000000,-4840,-5859
105,1.008656,1,-8.000000,2,-1.000000,-9.000000,-4847,-5860
106,1.018801,1,-8.000000,2,-1.000000,-9.000000,-4847,-5860
107,1.028301,1,-8.000000,2,-1.000000,-9.000000,-4847,-5860
108,1.037705,1,-8.000000,2,-1.000000,-9.000000,-4847,-5860
109,1.047334,1,-8.000000,2,-1.000000,-9.000000,-4847,-5860
110,1.056963,1,-8.000000,2,-1.000000,-9.000000,-4847,-5860
111,1.065965,1,-8.000000,2,-1.000000,-9.000000,-4847,-5860
112,1.075393,1,-8.000000,2,-1.000000,-9.000000,-4847,-5860
113,1.085321,1,-8.000000,2,-1.000000,-9.000000,-4847,-5860
114,1.094865,1,-8.000000,2,-1.000000,-9.000000,-4847,-5860
115,1.106350,1,-1818.000000,2,-122.000000,-1940.000000,-6657,-5981
116,1.116149,1,-1818.000000,2,-122.000000,-1940.000000,-6657,-5981
117,1.125892,1,-1818.000000,2,-122.000000,-1940.000000,-6657,-5981
118,1.135615,1,-1818.000000,2,-122.000000,-1940.000000,-6657,-5981
119,1.145277,1,-1818.000000,2,-122.000000,-1940.000000,-6657,-5981
120,1.155116,1,-1818.000000,2,-122.000000,-1940.000000,-6657,-5981
121,1.164587,1,-1818.000000,2,-122.000000,-1940.000000,-6657,-5981
122,1.174628,1,-1818.000000,2,-122.000000,-1940.000000,-6657,-5981
123,1.184278,1,-1818.000000,2,-122.000000,-1940.000000,-6657,-5981
124,1.196050,1,-1818.000000,2,-143.000000,-1961.000000,-6657,-6002
125,1.206044,1,-2034.000000,2,-143.000000,-2177.000000,-6873,-6002
126,1.216157,1,-2034.000000,2,-143.000000,-2177.000000,-6873,-6002
127,1.226276,1,-2034.000000,2,-143.000000,-2177.000000,-6873,-6002
128,1.236089,1,-2034.000000,2,-143.000000,-2177.000000,-6873,-6002
129,1.245225,1,-2034.000000,2,-143.000000,-2177.000000,-6873,-6002
130,1.254714,1,-2034.000000,2,-143.000000,-2177.000000,-6873,-6002
131,1.264547,1,-2034.000000,2,-143.000000,-2177.000000,-6873,-6002
132,1.274517,1,-2034.000000,2,-143.000000,-2177.000000,-6873,-6002
133,1.284575,1,-2034.000000,2,-143.000000,-2177.000000,-6873,-6002
134,1.294295,1,-2034.000000,2,-161.000000,-2195.000000,-6873,-6020
135,1.304487,1,-2209.000000,2,-161.000000,-2370.000000,-7048,-6020
136,1.314229,1,-2209.000000,2,-161.000000,-2370.000000,-7048,-6020
137,1.324258,1,-2209.000000,2,-161.000000,-2370.000000,-7048,-6020
138,1.334407,1,-2209.000000,2,-161.000000,-2370.000000,-7048,-6020
139,1.344486,1,-2209.000000,2,-161.000000,-2370.000000,-7048,-6020
140,1.353880,1,-2209.000000,2,-161.000000,-2370.000000,-7048,-6020
141,1.364163,1,-2209.000000,2,-161.000000,-2370.000000,-7048,-6020
142,1.374260,1,-2209.000000,2,-161.000000,-2370.000000,-7048,-6020
143,1.384067,1,-2209.000000,2,-161.000000,-2370.000000,-7048,-6020
144,1.394119,1,-2209.000000,2,-190.000000,-2399.000000,-7048,-6049
145,1.403982,1,-2346.000000,2,-190.000000,-2536.000000,-7185,-6049
146,1.414199,1,-2346.000000,2,-190.000000,-2536.000000,-7185,-6049
147,1.423443,1,-2346.000000,2,-190.000000,-2536.000000,-7185,-6049
148,1.433572,1,-2346.000000,2,-190.000000,-2536.000000,-7185,-6049
149,1.443655,1,-2346.000000,2,-190.000000,-2536.000000,-7185,-6049
150,1.453822,1,-2346.000000,2,-190.000000,-2536.000000,-7185,-6049
151,1.463473,1,-2346.000000,2,-190.000000,-2536.000000,-7185,-6049
152,1.472921,1,-2346.000000,2,-190.000000,-2536.000000,-7185,-6049
153,1.482515,1,-2346.000000,2,-190.000000,-2536.000000,-7185,-6049
154,1.492713,1,-2346.000000,2,-201.000000,-2547.000000,-7185,-6060
155,1.501712,1,-2328.000000,2,-201.000000,-2529.000000,-7167,-6060
156,1.511723,1,-2328.000000,2,-201.000000,-2529.000000,-7167,-6060
157,1.521395,1,-2328.000000,2,-201.000000,-2529.000000,-7167,-6060
158,1.532027,1,-2328.000000,2,-201.000000,-2529.000000,-7167,-6060
159,1.542549,1,-2328.000000,2,-201.000000,-2529.000000,-7167,-6060
160,1.551696,1,-2328.000000,2,-201.000000,-2529.000000,-7167,-6060
161,1.561187,1,-2328.000000,2,-201.000000,-2529.000000,-7167,-6060
162,1.570564,1,-2328.000000,2,-201.000000,-2529.000000,-7167,-6060
163,1.580780,1,-2328.000000,2,-201.000000,-2529.000000,-7167,-6060
164,1.590663,1,-2328.000000,2,-173.000000,-2501.000000,-7167,-6032
165,1.600083,1,-2039.000000,2,-173.000000,-2212.000000,-6878,-6032
166,1.609821,1,-2039.000000,2,-173.000000,-2212.000000,-6878,-6032
167,1.619987,1,-2039.000000,2,-173.000000,-2212.000000,-6878,-6032
168,1.630257,1,-2039.000000,2,-173.000000,-2212.000000,-6878,-6032
169,1.640284,1,-2039.000000,2,-173.000000,-2212.000000,-6878,-6032
170,1.649872,1,-2039.000000,2,-173.000000,-2212.000000,-6878,-6032
171,1.659700,1,-2039.000000,2,-173.000000,-2212.000000,-6878,-6032
172,1.669111,1,-2039.000000,2,-173.000000,-2212.000000,-6878,-6032
173,1.678512,1,-2039.000000,2,-173.000000,-2212.000000,-6878,-6032
174,1.688575,1,-2039.000000,2,-118.000000,-2157.000000,-6878,-5977
175,1.699044,1,-2039.000000,2,-118.000000,-2157.000000,-6878,-5977
176,1.708754,1,-1368.000000,2,-118.000000,-1486.000000,-6207,-5977
177,1.717817,1,-1368.000000,2,-118.000000,-1486.000000,-6207,-5977
178,1.726807,1,-1368.000000,2,-118.000000,-1486.000000,-6207,-5977
179,1.736415,1,-1368.000000,2,-118.000000,-1486.000000,-6207,-5977
180,1.745592,1,-1368.000000,2,-118.000000,-1486.000000,-6207,-5977
181,1.755479,1,-1368.000000,2,-118.000000,-1486.000000,-6207,-5977
182,1.764640,1,-1368.000000,2,-118.000000,-1486.000000,-6207,-5977
183,1.773955,1,-1368.000000,2,-118.000000,-1486.000000,-6207,-5977
184,1.783011,1,-1368.000000,2,-118.000000,-1486.000000,-6207,-5977
185,1.793795,1,-1368.000000,2,-52.000000,-1420.000000,-6207,-5911
186,1.803477,1,-578.000000,2,-52.000000,-630.000000,-5417,-5911
187,1.813609,1,-578.000000,2,-52.000000,-630.000000,-5417,-5911
188,1.823124,1,-578.000000,2,-52.000000,-630.000000,-5417,-5911
189,1.832661,1,-578.000000,2,-52.000000,-630.000000,-5417,-5911
190,1.842394,1,-578.000000,2,-52.000000,-630.000000,-5417,-5911
191,1.852520,1,-578.000000,2,-52.000000,-630.000000,-5417,-5911
192,1.861963,1,-578.000000,2,-52.000000,-630.000000,-5417,-5911
193,1.871683,1,-578.000000,2,-52.000000,-630.000000,-5417,-5911
194,1.881406,1,-578.000000,2,-52.000000,-630.000000,-5417,-5911
195,1.890937,1,-578.000000,2,-10.000000,-588.000000,-5417,-5869
196,1.900897,1,-125.000000,2,-10.000000,-135.000000,-4964,-5869
197,1.911021,1,-125.000000,2,-10.000000,-135.000000,-4964,-5869
198,1.919985,1,-125.000000,2,-10.000000,-135.000000,-4964,-5869
199,1.929908,1,-125.000000,2,-10.000000,-135.000000,-4964,-5869
200,1.939998,1,-125.000000,2,-10.000000,-135.000000,-4964,-5869
201,1.949035,1,-125.000000,2,-10.000000,-135.000000,-4964,-5869
202,1.958536,1,-125.000000,2,-10.000000,-135.000000,-4964,-5869
203,1.967655,1,-125.000000,2,-10.000000,-135.000000,-4964,-5869
204,1.977036,1,-125.000000,2,-10.000000,-135.000000,-4964,-5869
205,1.986756,1,-125.000000,2,-2.000000,-127.000000,-4964,-5861
206,1.997995,1,-11.000000,2,-2.000000,-13.000000,-4850,-5861
207,2.008190,1,-11.000000,2,-2.000000,-13.000000,-4850,-5861
208,2.018274,1,-11.000000,2,-2.000000,-13.000000,-4850,-5861
209,2.027307,1,-11.000000,2,-2.000000,-13.000000,-4850,-5861
210,2.036905,1,-11.000000,2,-2.000000,-13.000000,-4850,-5861
211,2.046227,1,-11.000000,2,-2.000000,-13.000000,-4850,-5861
212,2.055388,1,-11.000000,2,-2.000000,-13.000000,-4850,-5861
213,2.065078,1,-11.000000,2,-2.000000,-13.000000,-4850,-5861
214,2.074086,1,-11.000000,2,-2.000000,-13.000000,-4850,-5861
215,2.084195,1,-11.000000,2,-1.000000,-12.000000,-4850,-5860
216,2.094497,1,-11.000000,2,-1.000000,-12.000000,-4850,-5860
217,2.104237,1,0.000000,2,-1.000000,-1.000000,-4839,-5860
218,2.114373,1,0.000000,2,-1.000000,-1.000000,-4839,-5860
219,2.123208,1,0.000000,2,-1.000000,-1.000000,-4839,-5860
220,2.133326,1,0.000000,2,-1.000000,-1.000000,-4839,-5860
221,2.142695,1,0.000000,2,-1.000000,-1.000000,-4839,-5860
222,2.152183,1,0.000000,2,-1.000000,-1.000000,-4839,-5860
223,2.162151,1,0.000000,2,-1.000000,-1.000000,-4839,-5860
224,2.172175,1,0.000000,2,-1.000000,-1.000000,-4839,-5860
225,2.183400,1,0.000000,2,-1.000000,-1.000000,-4839,-5860
226,2.192379,1,0.000000,2,-1.000000,-1.000000,-4839,-5860
227,2.202521,1,0.000000,2,-1.000000,-1.000000,-4839,-5860
228,2.211752,1,0.000000,2,-1.000000,-1.000000,-4839,-5860
229,2.221321,1,0.000000,2,-1.000000,-1.000000,-4839,-5860
230,2.230936,1,0.000000,2,-1.000000,-1.000000,-4839,-5860
231,2.240989,1,0.000000,2,-1.000000,-1.000000,-4839,-5860
232,2.250417,1,0.000000,2,-1.000000,-1.000000,-4839,-5860
233,2.259442,1,0.000000,2,-1.000000,-1.000000,-4839,-5860
234,2.268446,1,0.000000,2,-1.000000,-1.000000,-4839,-5860
235,2.278161,1,0.000000,2,-1.000000,-1.000000,-4839,-5860
236,2.287437,1,0.000000,2,-2.000000,-2.000000,-4839,-5861
237,2.296811,1,-26.000000,2,-2.000000,-28.000000,-4865,-5861
238,2.306703,1,-26.000000,2,-2.000000,-28.000000,-4865,-5861
239,2.315905,1,-26.000000,2,-2.000000,-28.000000,-4865,-5861
240,2.325258,1,-26.000000,2,-2.000000,-28.000000,-4865,-5861
241,2.335083,1,-26.000000,2,-2.000000,-28.000000,-4865,-5861
242,2.344290,1,-26.000000,2,-2.000000,-28.000000,-4865,-5861
243,2.353366,1,-26.000000,2,-2.000000,-28.000000,-4865,-5861
244,2.362893,1,-26.000000,2,-2.000000,-28.000000,-4865,-5861
245,2.371957,1,-26.000000,2,-2.000000,-28.000000,-4865,-5861
246,2.381483,1,-26.000000,2,-18.000000,-44.000000,-4865,-5877
247,2.391663,1,-26.000000,2,-18.000000,-44.000000,-4865,-5877
248,2.401363,1,-235.000000,2,-18.000000,-253.000000,-5074,-5877
249,2.411338,1,-235.000000,2,-18.000000,-253.000000,-5074,-5877
250,2.421489,1,-235.000000,2,-18.000000,-253.000000,-5074,-5877
251,2.431347,1,-235.000000,2,-18.000000,-253.000000,-5074,-5877
252,2.440855,1,-235.000000,2,-18.000000,-253.000000,-5074,-5877
253,2.450636,1,-235.000000,2,-18.000000,-253.000000,-5074,-5877
254,2.460146,1,-235.000000,2,-18.000000,-253.000000,-5074,-5877
255,2.469690,1,-235.000000,2,-18.000000,-253.000000,-5074,-5877
256,2.479643,1,-235.000000,2,-31.000000,-266.000000,-5074,-5890
257,2.489164,1,-235.000000,2,-31.000000,-266.000000,-5074,-5890
258,2.498364,1,-657.000000,2,-31.000000,-688.000000,-5496,-5890
259,2.507460,1,-657.000000,2,-31.000000,-688.000000,-5496,-5890
260,2.517960,1,-657.000000,2,-31.000000,-688.000000,-5496,-5890
261,2.527245,1,-657.000000,2,-31.000000,-688.000000,-5496,-5890
262,2.536749,1,-657.000000,2,-31.000000,-688.000000,-5496,-5890
263,2.546416,1,-657.000000,2,-31.000000,-688.000000,-5496,-5890
264,2.556218,1,-657.000000,2,-31.000000,-688.000000,-5496,-5890
265,2.565913,1,-657.000000,2,-31.000000,-688.000000,-5496,-5890
266,2.575935,1,-657.000000,2,-31.000000,-688.000000,-5496,-5890
267,2.585540,1,-657.000000,2,-36.000000,-693.000000,-5496,-5895
268,2.595332,1,-1178.000000,2,-36.000000,-1214.000000,-6017,-5895
269,2.604337,1,-1178.000000,2,-36.000000,-1214.000000,-6017,-5895
270,2.614727,1,-1178.000000,2,-36.000000,-1214.000000,-6017,-5895
271,2.624422,1,-1178.000000,2,-36.000000,-1214.000000,-6017,-5895
272,2.634136,1,-1178.000000,2,-36.000000,-1214.000000,-6017,-5895
273,2.643978,1,-1178.000000,2,-36.000000,-1214.000000,-6017,-5895
274,2.653420,1,-1178.000000,2,-36.000000,-1214.000000,-6017,-5895
275,2.663415,1,-1178.000000,2,-36.000000,-1214.000000,-6017,-5895
276,2.672733,1,-1178.000000,2,-36.000000,-1214.000000,-6017,-5895
277,2.682688,1,-1178.000000,2,-52.000000,-1230.000000,-6017,-5911
278,2.692145,1,-1629.000000,2,-52.000000,-1681.000000,-6468,-5911
279,2.701559,1,-1629.000000,2,-52.000000,-1681.000000,-6468,-5911
280,2.710440,1,-1629.000000,2,-52.000000,-1681.000000,-6468,-5911
281,2.719619,1,-1629.000000,2,-52.000000,-1681.000000,-6468,-5911
282,2.728349,1,-1629.000000,2,-52.000000,-1681.000000,-6468,-5911
283,2.737687,1,-1629.000000,2,-52.000000,-1681.000000,-6468,-5911
284,2.747119,1,-1629.000000,2,-52.000000,-1681.000000,-6468,-5911
285,2.757059,1,-1629.000000,2,-52.000000,-1681.000000,-6468,-5911
286,2.765976,1,-1629.000000,2,-52.000000,-1681.000000,-6468,-5911
287,2.775964,1,-1629.000000,2,-75.000000,-1704.000000,-6468,-5934
288,2.785527,1,-1629.000000,2,-75.000000,-1704.000000,-6468,-5934
289,2.795671,1,-1893.000000,2,-75.000000,-1968.000000,-6732,-5934
290,2.805598,1,-1893.000000,2,-75.000000,-1968.000000,-6732,-5934
291,2.815055,1,-1893.000000,2,-75.000000,-1968.000000,-6732,-5934
292,2.824871,1,-1893.000000,2,-75.000000,-1968.000000,-6732,-5934
293,2.834742,1,-1893.000000,2,-75.000000,-1968.000000,-6732,-5934
294,2.844921,1,-1893.000000,2,-75.000000,-1968.000000,-6732,-5934
295,2.853946,1,-1893.000000,2,-75.000000,-1968.000000,-6732,-5934
296,2.863570,1,-1893.000000,2,-75.000000,-1968.000000,-6732,-5934
297,2.873415,1,-1893.000000,2,-114.000000,-2007.000000,-6732,-5973
298,2.882829,1,-1893.000000,2,-114.000000,-2007.000000,-6732,-5973
299,2.892355,1,-2067.000000,2,-114.000000,-2181.000000,-6906,-5973
300,2.901548,1,-2067.000000,2,-114.000000,-2181.000000,-6906,-5973
301,2.911314,1,-2067.000000,2,-114.000000,-2181.000000,-6906,-5973
302,2.921383,1,-2067.000000,2,-114.000000,-2181.000000,-6906,-5973
303,2.930337,1,-2067.000000,2,-114.000000,-2181.000000,-6906,-5973
304,2.940158,1,-2067.000000,2,-114.000000,-2181.000000,-6906,-5973
305,2.949339,1,-2067.000000,2,-114.000000,-2181.000000,-6906,-5973
306,2.958655,1,-2067.000000,2,-114.000000,-2181.000000,-6906,-5973
307,2.968249,1,-2067.000000,2,-114.000000,-2181.000000,-6906,-5973
308,2.977275,1,-2067.000000,2,-172.000000,-2239.000000,-6906,-6031
309,2.987956,1,-2197.000000,2,-172.000000,-2369.000000,-7036,-6031
310,2.997700,1,-2197.000000,2,-172.000000,-2369.000000,-7036,-6031
311,3.006729,1,-2197.000000,2,-172.000000,-2369.000000,-7036,-6031
312,3.016159,1,-2197.000000,2,-172.000000,-2369.000000,-7036,-6031
313,3.026479,1,-2197.000000,2,-172.000000,-2369.000000,-7036,-6031
314,3.035987,1,-2197.000000,2,-172.000000,-2369.000000,-7036,-6031
315,3.045330,1,-2197.000000,2,-172.000000,-2369.000000,-7036,-6031
316,3.055052,1,-2197.000000,2,-172.000000,-2369.000000,-7036,-6031
317,3.064352,1,-2197.000000,2,-172.000000,-2369.000000,-7036,-6031
318,3.073719,1,-2197.000000,2,-223.000000,-2420.000000,-7036,-6082
319,3.083328,1,-2197.000000,2,-223.000000,-2420.000000,-7036,-6082
320,3.092370,1,-2249.000000,2,-223.000000,-2472.000000,-7088,-6082
321,3.101561,1,-2249.000000,2,-223.000000,-2472.000000,-7088,-6082
322,3.111080,1,-2249.000000,2,-223.000000,-2472.000000,-7088,-6082
323,3.120379,1,-2249.000000,2,-223.000000,-2472.000000,-7088,-6082
324,3.130583,1,-2249.000000,2,-223.000000,-2472.000000,-7088,-6082
325,3.140416,1,-2249.000000,2,-223.000000,-2472.000000,-7088,-6082
326,3.150289,1,-2249.000000,2,-223.000000,-2472.000000,-7088,-6082
327,3.160313,1,-2249.000000,2,-223.000000,-2472.000000,-7088,-6082
328,3.169358,1,-2249.000000,2,-234.000000,-2483.000000,-7088,-6093
329,3.179357,1,-2249.000000,2,-234.000000,-2483.000000,-7088,-6093
330,3.188571,1,-2196.000000,2,-234.000000,-2430.000000,-7035,-6093
331,3.197769,1,-2196.000000,2,-234.000000,-2430.000000,-7035,-6093
332,3.207603,1,-2196.000000,2,-234.000000,-2430.000000,-7035,-6093
333,3.216595,1,-2196.000000,2,-234.000000,-2430.000000,-7035,-6093
334,3.225695,1,-2196.000000,2,-234.000000,-2430.000000,-7035,-6093
335,3.234580,1,-2196.000000,2,-234.000000,-2430.000000,-7035,-6093
336,3.242598,1,-2196.000000,2,-234.000000,-2430.000000,-7035,-6093
337,3.251596,1,-2196.000000,2,-234.000000,-2430.000000,-7035,-6093
338,3.260432,1,-2196.000000,2,-234.000000,-2430.000000,-7035,-6093
339,3.268960,1,-2196.000000,2,-209.000000,-2405.000000,-7035,-6068
340,3.278296,1,-2196.000000,2,-209.000000,-2405.000000,-7035,-6068
341,3.288356,1,-2059.000000,2,-209.000000,-2268.000000,-6898,-6068
342,3.298217,1,-2059.000000,2,-209.000000,-2268.000000,-6898,-6068
343,3.307487,1,-2059.000000,2,-209.000000,-2268.000000,-6898,-6068
344,3.317422,1,-2059.000000,2,-209.000000,-2268.000000,-6898,-6068
345,3.327538,1,-2059.000000,2,-209.000000,-2268.000000,-6898,-6068
346,3.336962,1,-2059.000000,2,-209.000000,-2268.000000,-6898,-6068
347,3.346730,1,-2059.000000,2,-209.000000,-2268.000000,-6898,-6068
348,3.355822,1,-2059.000000,2,-209.000000,-2268.000000,-6898,-6068
349,3.365869,1,-2059.000000,2,-209.000000,-2268.000000,-6898,-6068
350,3.375137,1,-2059.000000,2,-173.000000,-2232.000000,-6898,-6032
351,3.384609,1,-1846.000000,2,-173.000000,-2019.000000,-6685,-6032
352,3.394027,1,-1846.000000,2,-173.000000,-2019.000000,-6685,-6032
353,3.403535,1,-1846.000000,2,-173.000000,-2019.000000,-6685,-6032
354,3.412861,1,-1846.000000,2,-173.000000,-2019.000000,-6685,-6032
355,3.422528,1,-1846.000000,2,-173.000000,-2019.000000,-6685,-6032
356,3.432253,1,-1846.000000,2,-173.000000,-2019.000000,-6685,-6032
357,3.441071,1,-1846.000000,2,-173.000000,-2019.000000,-6685,-6032
358,3.451007,1,-1846.000000,2,-173.000000,-2019.000000,-6685,-6032
359,3.461106,1,-1846.000000,2,-173.000000,-2019.000000,-6685,-6032
360,3.470769,1,-1846.000000,2,-130.000000,-1976.000000,-6685,-5989
361,3.480157,1,-1846.000000,2,-130.000000,-1976.000000,-6685,-5989
362,3.489926,1,-1462.000000,2,-130.000000,-1592.000000,-6301,-5989
363,3.499747,1,-1462.000000,2,-130.000000,-1592.000000,-6301,-5989
364,3.509142,1,-1462.000000,2,-130.000000,-1592.000000,-6301,-5989
365,3.518984,1,-1462.000000,2,-130.000000,-1592.000000,-6301,-5989
366,3.527990,1,-1462.000000,2,-130.000000,-1592.000000,-6301,-5989
367,3.537940,1,-1462.000000,2,-130.000000,-1592.000000,-6301,-5989
368,3.547701,1,-1462.000000,2,-130.000000,-1592.000000,-6301,-5989
369,3.557172,1,-1462.000000,2,-130.000000,-1592.000000,-6301,-5989
370,3.567097,1,-1462.000000,2,-76.000000,-1538.000000,-6301,-5935
371,3.577167,1,-1462.000000,2,-76.000000,-1538.000000,-6301,-5935
372,3.586644,1,-814.000000,2,-76.000000,-890.000000,-5653,-5935
373,3.596655,1,-814.000000,2,-76.000000,-890.000000,-5653,-5935
374,3.605777,1,-814.000000,2,-76.000000,-890.000000,-5653,-5935
375,3.615565,1,-814.000000,2,-76.000000,-890.000000,-5653,-5935
376,3.624941,1,-814.000000,2,-76.000000,-890.000000,-5653,-5935
377,3.634926,1,-814.000000,2,-76.000000,-890.000000,-5653,-5935
378,3.644585,1,-814.000000,2,-76.000000,-890.000000,-5653,-5935
379,3.654008,1,-814.000000,2,-76.000000,-890.000000,-5653,-5935
380,3.663131,1,-814.000000,2,-23.000000,-837.000000,-5653,-5882
381,3.672193,1,-814.000000,2,-23.000000,-837.000000,-5653,-5882
382,3.681869,1,-223.000000,2,-23.000000,-246.000000,-5062,-5882
383,3.691771,1,-223.000000,2,-23.000000,-246.000000,-5062,-5882
384,3.701705,1,-223.000000,2,-23.000000,-246.000000,-5062,-5882
385,3.710844,1,-223.000000,2,-23.000000,-246.000000,-5062,-5882
386,3.720041,1,-223.000000,2,-23.000000,-246.000000,-5062,-5882
387,3.729244,1,-223.000000,2,-23.000000,-246.000000,-5062,-5882
388,3.739255,1,-223.000000,2,-23.000000,-246.000000,-5062,-5882
389,3.749016,1,-223.000000,2,-23.000000,-246.000000,-5062,-5882
390,3.758421,1,-223.000000,2,-23.000000,-246.000000,-5062,-5882
391,3.768331,1,-223.000000,2,-1.000000,-224.000000,-5062,-5860
392,3.777345,1,-223.000000,2,-1.000000,-224.000000,-5062,-5860
393,3.786624,1,-12.000000,2,-1.000000,-13.000000,-4851,-5860
394,3.796239,1,-12.000000,2,-1.000000,-13.000000,-4851,-5860
395,3.805838,1,-12.000000,2,-1.000000,-13.000000,-4851,-5860
396,3.815769,1,-12.000000,2,-1.000000,-13.000000,-4851,-5860
397,3.824949,1,-12.000000,2,-1.000000,-13.000000,-4851,-5860
398,3.834835,1,-12.000000,2,-1.000000,-13.000000,-4851,-5860
399,3.844864,1,-12.000000,2,-1.000000,-13.000000,-4851,-5860
400,3.854289,1,-12.000000,2,-1.000000,-13.000000,-4851,-5860
401,3.863830,1,-12.000000,2,-1.000000,-13.000000,-4851,-5860
402,3.873176,1,-12.000000,2,-1.000000,-13.000000,-4851,-5860
403,3.882773,1,0.000000,2,-1.000000,-1.000000,-4839,-5860
404,3.892686,1,0.000000,2,-1.000000,-1.000000,-4839,-5860
405,3.902175,1,0.000000,2,-1.000000,-1.000000,-4839,-5860
406,3.912131,1,0.000000,2,-1.000000,-1.000000,-4839,-5860
407,3.922117,1,0.000000,2,-1.000000,-1.000000,-4839,-5860
408,3.932077,1,0.000000,2,-1.000000,-1.000000,-4839,-5860
409,3.941701,1,0.000000,2,-1.000000,-1.000000,-4839,-5860
410,3.951126,1,0.000000,2,-1.000000,-1.000000,-4839,-5860
411,3.960409,1,0.000000,2,-1.000000,-1.000000,-4839,-5860
412,3.969814,1,0.000000,2,-1.000000,-1.000000,-4839,-5860
413,3.979747,1,0.000000,2,-1.000000,-1.000000,-4839,-5860
414,3.989620,1,-1.000000,2,-1.000000,-2.000000,-4840,-5860
415,3.999732,1,-1.000000,2,-1.000000,-2.000000,-4840,-5860
416,4.009073,1,-1.000000,2,-1.000000,-2.000000,-4840,-5860
417,4.019030,1,-1.000000,2,-1.000000,-2.000000,-4840,-5860
418,4.028853,1,-1.000000,2,-1.000000,-2.000000,-4840,-5860
419,4.038112,1,-1.000000,2,-1.000000,-2.000000,-4840,-5860
420,4.048007,1,-1.000000,2,-1.000000,-2.000000,-4840,-5860
421,4.058624,1,-1.000000,2,-5.000000,-6.000000,-4840,-5864
422,4.068730,1,-1.000000,2,-5.000000,-6.000000,-4840,-5864
423,4.077985,1,-69.000000,2,-5.000000,-74.000000,-4908,-5864
424,4.087155,1,-69.000000,2,-5.000000,-74.000000,-4908,-5864
425,4.097323,1,-69.000000,2,-5.000000,-74.000000,-4908,-5864
426,4.107307,1,-69.000000,2,-5.000000,-74.000000,-4908,-5864
427,4.116697,1,-69.000000,2,-5.000000,-74.000000,-4908,-5864
428,4.126559,1,-69.000000,2,-5.000000,-74.000000,-4908,-5864
429,4.136478,1,-69.000000,2,-5.000000,-74.000000,-4908,-5864
430,4.145814,1,-69.000000,2,-5.000000,-74.000000,-4908,-5864
431,4.155828,1,-69.000000,2,-5.000000,-74.000000,-4908,-5864
432,4.165619,1,-69.000000,2,-16.000000,-85.000000,-4908,-5875
433,4.177054,1,-299.000000,2,-16.000000,-315.000000,-5138,-5875
434,4.186284,1,-299.000000,2,-16.000000,-315.000000,-5138,-5875
435,4.195583,1,-299.000000,2,-16.000000,-315.000000,-5138,-5875
436,4.205077,1,-299.000000,2,-16.000000,-315.000000,-5138,-5875
437,4.214911,1,-299.000000,2,-16.000000,-315.000000,-5138,-5875
438,4.224653,1,-299.000000,2,-16.000000,-315.000000,-5138,-5875
439,4.233934,1,-299.000000,2,-16.000000,-315.000000,-5138,-5875
440,4.243464,1,-299.000000,2,-16.000000,-315.000000,-5138,-5875
441,4.252673,1,-299.000000,2,-16.000000,-315.000000,-5138,-5875
442,4.261606,1,-299.000000,2,-13.000000,-312.000000,-5138,-5872
443,4.271850,1,-299.000000,2,-13.000000,-312.000000,-5138,-5872
444,4.281520,1,-629.000000,2,-13.000000,-642.000000,-5468,-5872
445,4.290496,1,-629.000000,2,-13.000000,-642.000000,-5468,-5872
446,4.300023,1,-629.000000,2,-13.000000,-642.000000,-5468,-5872
447,4.309304,1,-629.000000,2,-13.000000,-642.000000,-5468,-5872
448,4.319575,1,-629.000000,2,-13.000000,-642.000000,-5468,-5872
449,4.328728,1,-629.000000,2,-13.000000,-642.000000,-5468,-5872
450,4.338822,1,-629.000000,2,-13.000000,-642.000000,-5468,-5872
451,4.347875,1,-629.000000,2,-13.000000,-642.000000,-5468,-5872
452,4.357354,1,-629.000000,2,5.000000,-624.000000,-5468,-5854
453,4.366333,1,-629.000000,2,5.000000,-624.000000,-5468,-5854
454,4.376283,1,-977.000000,2,5.000000,-972.000000,-5816,-5854
455,4.386272,1,-977.000000,2,5.000000,-972.000000,-5816,-5854
456,4.395739,1,-977.000000,2,5.000000,-972.000000,-5816,-5854
457,4.404853,1,-977.000000,2,5.000000,-972.000000,-5816,-5854
458,4.414339,1,-977.000000,2,5.000000,-972.000000,-5816,-5854
459,4.424444,1,-977.000000,2,5.000000,-972.000000,-5816,-5854
460,4.434544,1,-977.000000,2,5.000000,-972.000000,-5816,-5854
461,4.444568,1,-977.000000,2,5.000000,-972.000000,-5816,-5854
462,4.454293,1,-977.000000,2,11.000000,-966.000000,-5816,-5848
463,4.463898,1,-977.000000,2,11.000000,-966.000000,-5816,-5848
464,4.473611,1,-1299.000000,2,11.000000,-1288.000000,-6138,-5848
465,4.482600,1,-1299.000000,2,11.000000,-1288.000000,-6138,-5848
466,4.492171,1,-1299.000000,2,11.000000,-1288.000000,-6138,-5848
467,4.502203,1,-1299.000000,2,11.000000,-1288.000000,-6138,-5848
468,4.511583,1,-1299.000000,2,11.000000,-1288.000000,-6138,-5848
469,4.521866,1,-1299.000000,2,11.000000,-1288.000000,-6138,-5848
470,4.531447,1,-1299.000000,2,11.000000,-1288.000000,-6138,-5848
471,4.541286,1,-1299.000000,2,11.000000,-1288.000000,-6138,-5848
472,4.551266,1,-1299.000000,2,-17.000000,-1316.000000,-6138,-5876
473,4.560856,1,-1299.000000,2,-17.000000,-1316.000000,-6138,-5876
474,4.570832,1,-1299.000000,2,-17.000000,-1316.000000,-6138,-5876
475,4.580574,1,-1563.000000,2,-17.000000,-1580.000000,-6402,-5876
476,4.589812,1,-1563.000000,2,-17.000000,-1580.000000,-6402,-5876
477,4.599316,1,-1563.000000,2,-17.000000,-1580.000000,-6402,-5876
478,4.610349,1,-1563.000000,2,-17.000000,-1580.000000,-6402,-5876
479,4.619746,1,-1563.000000,2,-17.000000,-1580.000000,-6402,-5876
480,4.628786,1,-1563.000000,2,-17.000000,-1580.000000,-6402,-5876
481,4.637838,1,-1563.000000,2,-17.000000,-1580.000000,-6402,-5876
482,4.647709,1,-1563.000000,2,-17.000000,-1580.000000,-6402,-5876
483,4.657231,1,-1563.000000,2,-90.000000,-1653.000000,-6402,-5949
484,4.666854,1,-1563.000000,2,-90.000000,-1653.000000,-6402,-5949
485,4.676911,1,-1791.000000,2,-90.000000,-1881.000000,-6630,-5949
486,4.685980,1,-1791.000000,2,-90.000000,-1881.000000,-6630,-5949
487,4.695627,1,-1791.000000,2,-90.000000,-1881.000000,-6630,-5949
488,4.705455,1,-1791.000000,2,-90.000000,-1881.000000,-6630,-5949
489,4.715112,1,-1791.000000,2,-90.000000,-1881.000000,-6630,-5949
490,4.724711,1,-1791.000000,2,-90.000000,-1881.000000,-6630,-5949
491,4.734481,1,-1791.000000,2,-90.000000,-1881.000000,-6630,-5949
492,4.744280,1,-1791.000000,2,-90.000000,-1881.000000,-6630,-5949
493,4.754032,1,-1791.000000,2,-171.000000,-1962.000000,-6630,-6030
494,4.763676,1,-1791.000000,2,-171.000000,-1962.000000,-6630,-6030
495,4.772799,1,-1981.000000,2,-171.000000,-2152.000000,-6820,-6030
496,4.782309,1,-1981.000000,2,-171.000000,-2152.000000,-6820,-6030
497,4.792294,1,-1981.000000,2,-171.000000,-2152.000000,-6820,-6030
498,4.801980,1,-1981.000000,2,-171.000000,-2152.000000,-6820,-6030
499,4.811480,1,-1981.000000,2,-171.000000,-2152.000000,-6820,-6030
500,4.822529,1,-1981.000000,2,-171.000000,-2152.000000,-6820,-6030
501,4.832423,1,-1981.000000,2,-171.000000,-2152.000000,-6820,-6030
502,4.842025,1,-1981.000000,2,-171.000000,-2152.000000,-6820,-6030
503,4.851718,1,-1981.000000,2,-232.000000,-2213.000000,-6820,-6091
504,4.913062,1,-2122.000000,2,-232.000000,-2354.000000,-6961,-6091
505,4.973639,1,-2206.000000,2,-269.000000,-2475.000000,-7045,-6128
506,4.983211,1,-2206.000000,2,-269.000000,-2475.000000,-7045,-6128
507,4.992826,1,-2206.000000,2,-269.000000,-2475.000000,-7045,-6128
508,5.002984,1,-2206.000000,2,-269.000000,-2475.000000,-7045,-6128
509,5.013160,1,-2206.000000,2,-269.000000,-2475.000000,-7045,-6128
510,5.022937,1,-2206.000000,2,-269.000000,-2475.000000,-7045,-6128
511,5.033040,1,-2206.000000,2,-269.000000,-2475.000000,-7045,-6128
512,5.043574,1,-2206.000000,2,-269.000000,-2475.000000,-7045,-6128
513,5.053653,1,-2206.000000,2,-273.000000,-2479.000000,-7045,-6132
514,5.063612,1,-2206.000000,2,-273.000000,-2479.000000,-7045,-6132
515,5.073758,1,-2236.000000,2,-273.000000,-2509.000000,-7075,-6132
516,5.083257,1,-2236.000000,2,-273.000000,-2509.000000,-7075,-6132
517,5.092859,1,-2236.000000,2,-273.000000,-2509.000000,-7075,-6132
518,5.102751,1,-2236.000000,2,-273.000000,-2509.000000,-7075,-6132
519,5.112440,1,-2236.000000,2,-273.000000,-2509.000000,-7075,-6132
520,5.122457,1,-2236.000000,2,-273.000000,-2509.000000,-7075,-6132
521,5.131897,1,-2236.000000,2,-273.000000,-2509.000000,-7075,-6132
522,5.141510,1,-2236.000000,2,-273.000000,-2509.000000,-7075,-6132
523,5.150653,1,-2236.000000,2,-246.000000,-2482.000000,-7075,-6105
524,5.160177,1,-2236.000000,2,-246.000000,-2482.000000,-7075,-6105
525,5.169897,1,-2153.000000,2,-246.000000,-2399.000000,-6992,-6105
526,5.180080,1,-2153.000000,2,-246.000000,-2399.000000,-6992,-6105
527,5.189827,1,-2153.000000,2,-246.000000,-2399.000000,-6992,-6105
528,5.198827,1,-2153.000000,2,-246.000000,-2399.000000,-6992,-6105
529,5.208996,1,-2153.000000,2,-246.000000,-2399.000000,-6992,-6105
530,5.219312,1,-2153.000000,2,-246.000000,-2399.000000,-6992,-6105
531,5.228347,1,-2153.000000,2,-246.000000,-2399.000000,-6992,-6105
532,5.238600,1,-2153.000000,2,-246.000000,-2399.000000,-6992,-6105
533,5.247964,1,-2153.000000,2,-189.000000,-2342.000000,-6992,-6048
534,5.257629,1,-2153.000000,2,-189.000000,-2342.000000,-6992,-6048
535,5.268466,1,-1789.000000,2,-189.000000,-1978.000000,-6628,-6048
536,5.279212,1,-1789.000000,2,-189.000000,-1978.000000,-6628,-6048
537,5.289796,1,-1789.000000,2,-189.000000,-1978.000000,-6628,-6048
538,5.300906,1,-1789.000000,2,-189.000000,-1978.000000,-6628,-6048
539,5.310554,1,-1789.000000,2,-189.000000,-1978.000000,-6628,-6048
540,5.320298,1,-1789.000000,2,-189.000000,-1978.000000,-6628,-6048
541,5.330554,1,-1789.000000,2,-189.000000,-1978.000000,-6628,-6048
542,5.340538,1,-1789.000000,2,-189.000000,-1978.000000,-6628,-6048
543,5.350058,1,-1789.000000,2,-109.000000,-1898.000000,-6628,-5968
544,5.359825,1,-1789.000000,2,-109.000000,-1898.000000,-6628,-5968
545,5.369930,1,-1025.000000,2,-109.000000,-1134.000000,-5864,-5968
546,5.380485,1,-1025.000000,2,-109.000000,-1134.000000,-5864,-5968
547,5.389741,1,-1025.000000,2,-109.000000,-1134.000000,-5864,-5968
548,5.398765,1,-1025.000000,2,-109.000000,-1134.000000,-5864,-5968
549,5.407979,1,-1025.000000,2,-109.000000,-1134.000000,-5864,-5968
550,5.417792,1,-1025.000000,2,-109.000000,-1134.000000,-5864,-5968
551,5.427227,1,-1025.000000,2,-109.000000,-1134.000000,-5864,-5968
552,5.436616,1,-1025.000000,2,-109.000000,-1134.000000,-5864,-5968
553,5.445436,1,-1025.000000,2,-38.000000,-1063.000000,-5864,-5897
554,5.455078,1,-1025.000000,2,-38.000000,-1063.000000,-5864,-5897
555,5.463771,1,-285.000000,2,-38.000000,-323.000000,-5124,-5897
556,5.471702,1,-285.000000,2,-38.000000,-323.000000,-5124,-5897
557,5.481275,1,-285.000000,2,-38.000000,-323.000000,-5124,-5897
558,5.489938,1,-285.000000,2,-38.000000,-323.000000,-5124,-5897
559,5.499699,1,-285.000000,2,-38.000000,-323.000000,-5124,-5897
560,5.509813,1,-285.000000,2,-38.000000,-323.000000,-5124,-5897
561,5.519759,1,-285.000000,2,-38.000000,-323.000000,-5124,-5897
562,5.529409,1,-285.000000,2,-38.000000,-323.000000,-5124,-5897
563,5.539469,1,-285.000000,2,-5.000000,-290.000000,-5124,-5864
564,5.548585,1,-285.000000,2,-5.000000,-290.000000,-5124,-5864
565,5.559563,1,-285.000000,2,-5.000000,-290.000000,-5124,-5864
566,5.569443,1,-15.000000,2,-5.000000,-20.000000,-4854,-5864
567,5.578324,1,-15.000000,2,-5.000000,-20.000000,-4854,-5864
568,5.587655,1,-15.000000,2,-5.000000,-20.000000,-4854,-5864
569,5.597765,1,-15.000000,2,-5.000000,-20.000000,-4854,-5864
570,5.608122,1,-15.000000,2,-5.000000,-20.000000,-4854,-5864
571,5.617881,1,-15.000000,2,-5.000000,-20.000000,-4854,-5864
572,5.627894,1,-15.000000,2,-5.000000,-20.000000,-4854,-5864
573,5.637789,1,-15.000000,2,-4.000000,-19.000000,-4854,-5863
574,5.648249,1,-15.000000,2,-4.000000,-19.000000,-4854,-5863
575,5.658733,1,-15.000000,2,-4.000000,-19.000000,-4854,-5863
576,5.668759,1,-8.000000,2,-4.000000,-12.000000,-4847,-5863
577,5.677717,1,-8.000000,2,-4.000000,-12.000000,-4847,-5863
578,5.687189,1,-8.000000,2,-4.000000,-12.000000,-4847,-5863
579,5.697887,1,-8.000000,2,-4.000000,-12.000000,-4847,-5863
580,5.707590,1,-8.000000,2,-4.000000,-12.000000,-4847,-5863
581,5.717491,1,-8.000000,2,-4.000000,-12.000000,-4847,-5863
582,5.727172,1,-8.000000,2,-4.000000,-12.000000,-4847,-5863
583,5.736132,1,-8.000000,2,-29.000000,-37.000000,-4847,-5888
584,5.745344,1,-8.000000,2,-29.000000,-37.000000,-4847,-5888
585,5.755539,1,-8.000000,2,-29.000000,-37.000000,-4847,-5888
586,5.765250,1,-47.000000,2,-29.000000,-76.000000,-4886,-5888
587,5.775662,1,-47.000000,2,-29.000000,-76.000000,-4886,-5888
588,5.785204,1,-47.000000,2,-29.000000,-76.000000,-4886,-5888
589,5.794530,1,-47.000000,2,-29.000000,-76.000000,-4886,-5888
590,5.803995,1,-47.000000,2,-29.000000,-76.000000,-4886,-5888
591,5.813757,1,-47.000000,2,-29.000000,-76.000000,-4886,-5888
592,5.823804,1,-47.000000,2,-29.000000,-76.000000,-4886,-5888
593,5.833714,1,-47.000000,2,-29.000000,-76.000000,-4886,-5888
594,5.844030,1,-47.000000,2,-72.000000,-119.000000,-4886,-5931
595,5.853899,1,-47.000000,2,-72.000000,-119.000000,-4886,-5931
596,5.864076,1,-113.000000,2,-72.000000,-185.000000,-4952,-5931
597,5.873880,1,-113.000000,2,-72.000000,-185.000000,-4952,-5931
598,5.883645,1,-113.000000,2,-72.000000,-185.000000,-4952,-5931
599,5.893732,1,-113.000000,2,-72.000000,-185.000000,-4952,-5931
600,5.903001,1,-113.000000,2,-72.000000,-185.000000,-4952,-5931
601,5.913124,1,-113.000000,2,-72.000000,-185.000000,-4952,-5931
602,5.923155,1,-113.000000,2,-72.000000,-185.000000,-4952,-5931
603,5.935127,1,-113.000000,2,-134.000000,-247.000000,-4952,-5993
604,5.944416,1,-113.000000,2,-134.000000,-247.000000,-4952,-5993
605,5.954683,1,-113.000000,2,-134.000000,-247.000000,-4952,-5993
606,5.964894,1,-222.000000,2,-134.000000,-356.000000,-5061,-5993
607,5.974652,1,-222.000000,2,-134.000000,-356.000000,-5061,-5993
608,5.984345,1,-222.000000,2,-134.000000,-356.000000,-5061,-5993
609,5.993811,1,-222.000000,2,-134.000000,-356.000000,-5061,-5993
610,6.003985,1,-222.000000,2,-134.000000,-356.000000,-5061,-5993
611,6.013473,1,-222.000000,2,-134.000000,-356.000000,-5061,-5993
612,6.024112,1,-222.000000,2,-134.000000,-356.000000,-5061,-5993
613,6.034063,1,-222.000000,2,-233.000000,-455.000000,-5061,-6092
614,6.043784,1,-222.000000,2,-233.000000,-455.000000,-5061,-6092
615,6.053523,1,-222.000000,2,-233.000000,-455.000000,-5061,-6092
616,6.062713,1,-408.000000,2,-233.000000,-641.000000,-5247,-6092
617,6.072962,1,-408.000000,2,-233.000000,-641.000000,-5247,-6092
618,6.082156,1,-408.000000,2,-233.000000,-641.000000,-5247,-6092
619,6.092554,1,-408.000000,2,-233.000000,-641.000000,-5247,-6092
620,6.102708,1,-408.000000,2,-233.000000,-641.000000,-5247,-6092
621,6.112247,1,-408.000000,2,-233.000000,-641.000000,-5247,-6092
622,6.121979,1,-408.000000,2,-233.000000,-641.000000,-5247,-6092
623,6.131504,1,-408.000000,2,-344.000000,-752.000000,-5247,-6203
624,6.140946,1,-408.000000,2,-344.000000,-752.000000,-5247,-6203
625,6.150673,1,-408.000000,2,-344.000000,-752.000000,-5247,-6203
626,6.160091,1,-609.000000,2,-344.000000,-953.000000,-5448,-6203
627,6.169404,1,-609.000000,2,-344.000000,-953.000000,-5448,-6203
628,6.178889,1,-609.000000,2,-344.000000,-953.000000,-5448,-6203
629,6.188324,1,-609.000000,2,-344.000000,-953.000000,-5448,-6203
630,6.198468,1,-609.000000,2,-344.000000,-953.000000,-5448,-6203
631,6.208599,1,-609.000000,2,-344.000000,-953.000000,-5448,-6203
632,6.218421,1,-609.000000,2,-344.000000,-953.000000,-5448,-6203
633,6.228710,1,-609.000000,2,-344.000000,-953.000000,-5448,-6203
634,6.238211,1,-609.000000,2,-393.000000,-1002.000000,-5448,-6252
635,6.248330,1,-609.000000,2,-393.000000,-1002.000000,-5448,-6252
636,6.258139,1,-642.000000,2,-393.000000,-1035.000000,-5481,-6252
637,6.267870,1,-642.000000,2,-393.000000,-1035.000000,-5481,-6252
638,6.277810,1,-642.000000,2,-393.000000,-1035.000000,-5481,-6252
639,6.287651,1,-642.000000,2,-393.000000,-1035.000000,-5481,-6252
640,6.297408,1,-642.000000,2,-393.000000,-1035.000000,-5481,-6252
641,6.306418,1,-642.000000,2,-393.000000,-1035.000000,-5481,-6252
642,6.316395,1,-642.000000,2,-393.000000,-1035.000000,-5481,-6252
643,6.326516,1,-642.000000,2,-393.000000,-1035.000000,-5481,-6252
644,6.336590,1,-642.000000,2,-258.000000,-900.000000,-5481,-6117
645,6.346152,1,-642.000000,2,-258.000000,-900.000000,-5481,-6117
646,6.355298,1,-370.000000,2,-258.000000,-628.000000,-5209,-6117
647,6.365230,1,-370.000000,2,-258.000000,-628.000000,-5209,-6117
648,6.374926,1,-370.000000,2,-258.000000,-628.000000,-5209,-6117
649,6.384639,1,-370.000000,2,-258.000000,-628.000000,-5209,-6117
650,6.393629,1,-370.000000,2,-258.000000,-628.000000,-5209,-6117
651,6.403759,1,-370.000000,2,-258.000000,-628.000000,-5209,-6117
652,6.414492,1,-370.000000,2,-258.000000,-628.000000,-5209,-6117
653,6.424029,1,-370.000000,2,-258.000000,-628.000000,-5209,-6117
654,6.433724,1,-370.000000,2,-65.000000,-435.000000,-5209,-5924
655,6.443622,1,-370.000000,2,-65.000000,-435.000000,-5209,-5924
656,6.455152,1,-80.000000,2,-65.000000,-145.000000,-4919,-5924
657,6.465260,1,-80.000000,2,-65.000000,-145.000000,-4919,-5924
658,6.474793,1,-80.000000,2,-65.000000,-145.000000,-4919,-5924
659,6.484681,1,-80.000000,2,-65.000000,-145.000000,-4919,-5924
660,6.494894,1,-80.000000,2,-65.000000,-145.000000,-4919,-5924
661,6.505198,1,-80.000000,2,-65.000000,-145.000000,-4919,-5924
662,6.515256,1,-80.000000,2,-65.000000,-145.000000,-4919,-5924
663,6.524889,1,-80.000000,2,-65.000000,-145.000000,-4919,-5924
664,6.535625,1,-80.000000,2,-3.000000,-83.000000,-4919,-5862
665,6.545247,1,-80.000000,2,-3.000000,-83.000000,-4919,-5862
666,6.555389,1,-25.000000,2,-3.000000,-28.000000,-4864,-5862
667,6.565064,1,-25.000000,2,-3.000000,-28.000000,-4864,-5862
668,6.575121,1,-25.000000,2,-3.000000,-28.000000,-4864,-5862
669,6.584233,1,-25.000000,2,-3.000000,-28.000000,-4864,-5862
670,6.594178,1,-25.000000,2,-3.000000,-28.000000,-4864,-5862
671,6.603602,1,-25.000000,2,-3.000000,-28.000000,-4864,-5862
672,6.613888,1,-25.000000,2,-3.000000,-28.000000,-4864,-5862
673,6.623544,1,-25.000000,2,-3.000000,-28.000000,-4864,-5862
674,6.633315,1,-25.000000,2,-29.000000,-54.000000,-4864,-5888
675,6.643000,1,-25.000000,2,-29.000000,-54.000000,-4864,-5888
676,6.652202,1,-169.000000,2,-29.000000,-198.000000,-5008,-5888
677,6.661776,1,-169.000000,2,-29.000000,-198.000000,-5008,-5888
678,6.671676,1,-169.000000,2,-29.000000,-198.000000,-5008,-5888
679,6.681689,1,-169.000000,2,-29.000000,-198.000000,-5008,-5888
680,6.690806,1,-169.000000,2,-29.000000,-198.000000,-5008,-5888
681,6.700393,1,-169.000000,2,-29.000000,-198.000000,-5008,-5888
682,6.710470,1,-169.000000,2,-29.000000,-198.000000,-5008,-5888
683,6.719899,1,-169.000000,2,-29.000000,-198.000000,-5008,-5888
684,6.728699,1,-169.000000,2,-117.000000,-286.000000,-5008,-5976
685,6.738061,1,-169.000000,2,-117.000000,-286.000000,-5008,-5976
686,6.747488,1,-169.000000,2,-117.000000,-286.000000,-5008,-5976
687,6.757714,1,-633.000000,2,-117.000000,-750.000000,-5472,-5976
688,6.767231,1,-633.000000,2,-117.000000,-750.000000,-5472,-5976
689,6.776586,1,-633.000000,2,-117.000000,-750.000000,-5472,-5976
690,6.785948,1,-633.000000,2,-117.000000,-750.000000,-5472,-5976
691,6.795506,1,-633.000000,2,-117.000000,-750.000000,-5472,-5976
692,6.805547,1,-633.000000,2,-117.000000,-750.000000,-5472,-5976
693,6.814738,1,-633.000000,2,-117.000000,-750.000000,-5472,-5976
694,6.824670,1,-633.000000,2,-240.000000,-873.000000,-5472,-6099
695,6.834539,1,-633.000000,2,-240.000000,-873.000000,-5472,-6099
696,6.844449,1,-633.000000,2,-240.000000,-873.000000,-5472,-6099
697,6.853842,1,-1360.000000,2,-240.000000,-1600.000000,-6199,-6099
698,6.863713,1,-1360.000000,2,-240.000000,-1600.000000,-6199,-6099
699,6.873106,1,-1360.000000,2,-240.000000,-1600.000000,-6199,-6099
700,6.882115,1,-1360.000000,2,-240.000000,-1600.000000,-6199,-6099
701,6.891676,1,-1360.000000,2,-240.000000,-1600.000000,-6199,-6099
702,6.901243,1,-1360.000000,2,-240.000000,-1600.000000,-6199,-6099
703,6.910993,1,-1360.000000,2,-240.000000,-1600.000000,-6199,-6099
704,6.922162,1,-1360.000000,2,-325.000000,-1685.000000,-6199,-6184
705,6.931907,1,-1360.000000,2,-325.000000,-1685.000000,-6199,-6184
706,6.942262,1,-1360.000000,2,-325.000000,-1685.000000,-6199,-6184
707,6.952116,1,-1945.000000,2,-325.000000,-2270.000000,-6784,-6184
708,6.961184,1,-1945.000000,2,-325.000000,-2270.000000,-6784,-6184
709,6.971385,1,-1945.000000,2,-325.000000,-2270.000000,-6784,-6184
710,6.980820,1,-1945.000000,2,-325.000000,-2270.000000,-6784,-6184
711,6.990518,1,-1945.000000,2,-325.000000,-2270.000000,-6784,-6184
712,7.000729,1,-1945.000000,2,-325.000000,-2270.000000,-6784,-6184
713,7.010518,1,-1945.000000,2,-325.000000,-2270.000000,-6784,-6184
714,7.019626,1,-1945.000000,2,-327.000000,-2272.000000,-6784,-6186
715,7.029487,1,-1945.000000,2,-327.000000,-2272.000000,-6784,-6186
716,7.038957,1,-1945.000000,2,-327.000000,-2272.000000,-6784,-6186
717,7.048591,1,-2181.000000,2,-327.000000,-2508.000000,-7020,-6186
718,7.058677,1,-2181.000000,2,-327.000000,-2508.000000,-7020,-6186
719,7.067738,1,-2181.000000,2,-327.000000,-2508.000000,-7020,-6186
720,7.077690,1,-2181.000000,2,-327.000000,-2508.000000,-7020,-6186
721,7.087577,1,-2181.000000,2,-327.000000,-2508.000000,-7020,-6186
722,7.097839,1,-2181.000000,2,-327.000000,-2508.000000,-7020,-6186
723,7.107415,1,-2181.000000,2,-327.000000,-2508.000000,-7020,-6186
724,7.117138,1,-2181.000000,2,-327.000000,-2508.000000,-7020,-6186
725,7.127168,1,-2181.000000,2,-237.000000,-2418.000000,-7020,-6096
726,7.136349,1,-2181.000000,2,-237.000000,-2418.000000,-7020,-6096
727,7.146026,1,-2181.000000,2,-237.000000,-2418.000000,-7020,-6096
728,7.155771,1,-2016.000000,2,-237.000000,-2253.000000,-6855,-6096
729,7.164572,1,-2016.000000,2,-237.000000,-2253.000000,-6855,-6096
730,7.174446,1,-2016.000000,2,-237.000000,-2253.000000,-6855,-6096
731,7.184371,1,-2016.000000,2,-237.000000,-2253.000000,-6855,-6096
732,7.194820,1,-2016.000000,2,-237.000000,-2253.000000,-6855,-6096
733,7.204886,1,-2016.000000,2,-237.000000,-2253.000000,-6855,-6096
734,7.214421,1,-2016.000000,2,-237.000000,-2253.000000,-6855,-6096
735,7.223613,1,-2016.000000,2,-93.000000,-2109.000000,-6855,-5952
736,7.233907,1,-2016.000000,2,-93.000000,-2109.000000,-6855,-5952
737,7.243821,1,-2016.000000,2,-93.000000,-2109.000000,-6855,-5952
738,7.254017,1,-1443.000000,2,-93.000000,-1536.000000,-6282,-5952
739,7.263309,1,-1443.000000,2,-93.000000,-1536.000000,-6282,-5952
740,7.273648,1,-1443.000000,2,-93.000000,-1536.000000,-6282,-5952
741,7.284221,1,-1443.000000,2,-93.000000,-1536.000000,-6282,-5952
742,7.295211,1,-1443.000000,2,-93.000000,-1536.000000,-6282,-5952
743,7.305561,1,-1443.000000,2,-93.000000,-1536.000000,-6282,-5952
744,7.316006,1,-1443.000000,2,11.000000,-1432.000000,-6282,-5848
745,7.325085,1,-1443.000000,2,11.000000,-1432.000000,-6282,-5848
746,7.335280,1,-1443.000000,2,11.000000,-1432.000000,-6282,-5848
747,7.345873,1,-731.000000,2,11.000000,-720.000000,-5570,-5848
748,7.354865,1,-731.000000,2,11.000000,-720.000000,-5570,-5848
749,7.364983,1,-731.000000,2,11.000000,-720.000000,-5570,-5848
750,7.374537,1,-731.000000,2,11.000000,-720.000000,-5570,-5848
751,7.384361,1,-731.000000,2,11.000000,-720.000000,-5570,-5848
752,7.394209,1,-731.000000,2,11.000000,-720.000000,-5570,-5848
753,7.405031,1,-731.000000,2,11.000000,-720.000000,-5570,-5848
754,7.415141,1,-731.000000,2,26.000000,-705.000000,-5570,-5833
755,7.425268,1,-731.000000,2,26.000000,-705.000000,-5570,-5833
756,7.435548,1,-731.000000,2,26.000000,-705.000000,-5570,-5833
757,7.444752,1,-225.000000,2,26.000000,-199.000000,-5064,-5833
758,7.455073,1,-225.000000,2,26.000000,-199.000000,-5064,-5833
759,7.464629,1,-225.000000,2,26.000000,-199.000000,-5064,-5833
760,7.474505,1,-225.000000,2,26.000000,-199.000000,-5064,-5833
761,7.484511,1,-225.000000,2,26.000000,-199.000000,-5064,-5833
762,7.494099,1,-225.000000,2,26.000000,-199.000000,-5064,-5833
763,7.503714,1,-225.000000,2,26.000000,-199.000000,-5064,-5833
764,7.515021,1,-225.000000,2,5.000000,-220.000000,-5064,-5854
765,7.523987,1,-225.000000,2,5.000000,-220.000000,-5064,-5854
766,7.534354,1,-225.000000,2,5.000000,-220.000000,-5064,-5854
767,7.544214,1,-32.000000,2,5.000000,-27.000000,-4871,-5854
768,7.553789,1,-32.000000,2,5.000000,-27.000000,-4871,-5854
769,7.563198,1,-32.000000,2,5.000000,-27.000000,-4871,-5854
770,7.573096,1,-32.000000,2,5.000000,-27.000000,-4871,-5854
771,7.582985,1,-32.000000,2,5.000000,-27.000000,-4871,-5854
772,7.593327,1,-32.000000,2,5.000000,-27.000000,-4871,-5854
773,7.602522,1,-32.000000,2,5.000000,-27.000000,-4871,-5854
774,7.613285,1,-32.000000,2,-1.000000,-33.000000,-4871,-5860
775,7.623171,1,-32.000000,2,-1.000000,-33.000000,-4871,-5860
776,7.632402,1,-32.000000,2,-1.000000,-33.000000,-4871,-5860
777,7.643501,1,-1.000000,2,-1.000000,-2.000000,-4840,-5860
778,7.652590,1,-1.000000,2,-1.000000,-2.000000,-4840,-5860
779,7.663228,1,-1.000000,2,-1.000000,-2.000000,-4840,-5860
780,7.671462,1,-1.000000,2,-1.000000,-2.000000,-4840,-5860
781,7.679259,1,-1.000000,2,-1.000000,-2.000000,-4840,-5860
782,7.688084,1,-1.000000,2,-1.000000,-2.000000,-4840,-5860
783,7.696878,1,-1.000000,2,-1.000000,-2.000000,-4840,-5860
784,7.705694,1,-1.000000,2,-1.000000,-2.000000,-4840,-5860
785,7.715431,1,-1.000000,2,-1.000000,-2.000000,-4840,-5860
786,7.725083,1,-1.000000,2,-1.000000,-2.000000,-4840,-5860
787,7.734908,1,-1.000000,2,-1.000000,-2.000000,-4840,-5860
788,7.745115,1,0.000000,2,-1.000000,-1.000000,-4839,-5860
789,7.754552,1,0.000000,2,-1.000000,-1.000000,-4839,-5860
790,7.764409,1,0.000000,2,-1.000000,-1.000000,-4839,-5860
791,7.774700,1,0.000000,2,-1.000000,-1.000000,-4839,-5860
792,7.784317,1,0.000000,2,-1.000000,-1.000000,-4839,-5860
793,7.793784,1,0.000000,2,-1.000000,-1.000000,-4839,-5860
794,7.802825,1,0.000000,2,-1.000000,-1.000000,-4839,-5860
795,7.812125,1,0.000000,2,-1.000000,-1.000000,-4839,-5860
796,7.821676,1,0.000000,2,-1.000000,-1.000000,-4839,-5860
797,7.831271,1,0.000000,2,-1.000000,-1.000000,-4839,-5860
798,7.840946,1,0.000000,2,-1.000000,-1.000000,-4839,-5860
799,7.850519,1,0.000000,2,-1.000000,-1.000000,-4839,-5860
800,7.860027,1,0.000000,2,-1.000000,-1.000000,-4839,-5860
801,7.869023,1,0.000000,2,-1.000000,-1.000000,-4839,-5860
802,7.878894,1,0.000000,2,-1.000000,-1.000000,-4839,-5860
803,7.887866,1,0.000000,2,-1.000000,-1.000000,-4839,-5860
804,7.897581,1,0.000000,2,-1.000000,-1.000000,-4839,-5860
805,7.907171,1,0.000000,2,-1.000000,-1.000000,-4839,-5860
806,7.916719,1,0.000000,2,-1.000000,-1.000000,-4839,-5860
807,7.925993,1,0.000000,2,-1.000000,-1.000000,-4839,-5860
808,7.935769,1,0.000000,2,-1.000000,-1.000000,-4839,-5860
809,7.945186,1,0.000000,2,-1.000000,-1.000000,-4839,-5860
810,7.954291,1,0.000000,2,-1.000000,-1.000000,-4839,-5860
811,7.963920,1,0.000000,2,-1.000000,-1.000000,-4839,-5860
812,7.973326,1,0.000000,2,-1.000000,-1.000000,-4839,-5860
813,7.982922,1,0.000000,2,-1.000000,-1.000000,-4839,-5860
814,7.992336,1,0.000000,2,-1.000000,-1.000000,-4839,-5860
815,8.001958,1,0.000000,2,-1.000000,-1.000000,-4839,-5860
816,8.011104,1,0.000000,2,-1.000000,-1.000000,-4839,-5860
817,8.020751,1,0.000000,2,-1.000000,-1.000000,-4839,-5860
818,8.030338,1,0.000000,2,-1.000000,-1.000000,-4839,-5860
819,8.039832,1,0.000000,2,-1.000000,-1.000000,-4839,-5860
820,8.048804,1,0.000000,2,-1.000000,-1.000000,-4839,-5860
821,8.057854,1,0.000000,2,-1.000000,-1.000000,-4839,-5860
822,8.067379,1,0.000000,2,-1.000000,-1.000000,-4839,-5860
823,8.076927,1,0.000000,2,-1.000000,-1.000000,-4839,-5860
824,8.086145,1,0.000000,2,-1.000000,-1.000000,-4839,-5860
825,8.095917,1,0.000000,2,-1.000000,-1.000000,-4839,-5860
826,8.105745,1,0.000000,2,0.000000,0.000000,-4839,-5859
827,8.115442,1,0.000000,2,0.000000,0.000000,-4839,-5859
828,8.125328,1,0.000000,2,0.000000,0.000000,-4839,-5859
829,8.135267,1,0.000000,2,0.000000,0.000000,-4839,-5859
830,8.145226,1,-47.000000,2,0.000000,-47.000000,-4886,-5859
831,8.154368,1,-47.000000,2,0.000000,-47.000000,-4886,-5859
832,8.164326,1,-47.000000,2,0.000000,-47.000000,-4886,-5859
833,8.174240,1,-47.000000,2,0.000000,-47.000000,-4886,-5859
834,8.183734,1,-47.000000,2,0.000000,-47.000000,-4886,-5859
835,8.193101,1,-47.000000,2,0.000000,-47.000000,-4886,-5859
836,8.202422,1,-47.000000,2,0.000000,-47.000000,-4886,-5859
837,8.212251,1,-47.000000,2,-6.000000,-53.000000,-4886,-5865
838,8.221204,1,-47.000000,2,-6.000000,-53.000000,-4886,-5865
839,8.230940,1,-47.000000,2,-6.000000,-53.000000,-4886,-5865
840,8.240848,1,-308.000000,2,-6.000000,-314.000000,-5147,-5865
841,8.250448,1,-308.000000,2,-6.000000,-314.000000,-5147,-5865
842,8.260319,1,-308.000000,2,-6.000000,-314.000000,-5147,-5865
843,8.269300,1,-308.000000,2,-6.000000,-314.000000,-5147,-5865
844,8.278213,1,-308.000000,2,-6.000000,-314.000000,-5147,-5865
845,8.287547,1,-308.000000,2,-6.000000,-314.000000,-5147,-5865
846,8.296906,1,-308.000000,2,-6.000000,-314.000000,-5147,-5865
847,8.306785,1,-308.000000,2,-6.000000,-314.000000,-5147,-5865
848,8.316671,1,-308.000000,2,-7.000000,-315.000000,-5147,-5866
849,8.326132,1,-308.000000,2,-7.000000,-315.000000,-5147,-5866
850,8.335360,1,-748.000000,2,-7.000000,-755.000000,-5587,-5866
851,8.344818,1,-748.000000,2,-7.000000,-755.000000,-5587,-5866
852,8.354252,1,-748.000000,2,-7.000000,-755.000000,-5587,-5866
853,8.364039,1,-748.000000,2,-7.000000,-755.000000,-5587,-5866
854,8.373310,1,-748.000000,2,-7.000000,-755.000000,-5587,-5866
855,8.383018,1,-748.000000,2,-7.000000,-755.000000,-5587,-5866
856,8.392841,1,-748.000000,2,-7.000000,-755.000000,-5587,-5866
857,8.402303,1,-748.000000,2,-22.000000,-770.000000,-5587,-5881
858,8.411851,1,-748.000000,2,-22.000000,-770.000000,-5587,-5881
859,8.421602,1,-748.000000,2,-22.000000,-770.000000,-5587,-5881
860,8.431106,1,-748.000000,2,-22.000000,-770.000000,-5587,-5881
861,8.440217,1,-1310.000000,2,-22.000000,-1332.000000,-6149,-5881
862,8.450234,1,-1310.000000,2,-22.000000,-1332.000000,-6149,-5881
863,8.460175,1,-1310.000000,2,-22.000000,-1332.000000,-6149,-5881
864,8.470229,1,-1310.000000,2,-22.000000,-1332.000000,-6149,-5881
865,8.479285,1,-1310.000000,2,-22.000000,-1332.000000,-6149,-5881
866,8.488869,1,-1310.000000,2,-22.000000,-1332.000000,-6149,-5881
867,8.498187,1,-1310.000000,2,-22.000000,-1332.000000,-6149,-5881
868,8.507575,1,-1310.000000,2,-57.000000,-1367.000000,-6149,-5916
869,8.517123,1,-1310.000000,2,-57.000000,-1367.000000,-6149,-5916
870,8.526505,1,-1310.000000,2,-57.000000,-1367.000000,-6149,-5916
871,8.536951,1,-1839.000000,2,-57.000000,-1896.000000,-6678,-5916
872,8.547051,1,-1839.000000,2,-57.000000,-1896.000000,-6678,-5916
873,8.556037,1,-1839.000000,2,-57.000000,-1896.000000,-6678,-5916
874,8.565089,1,-1839.000000,2,-57.000000,-1896.000000,-6678,-5916
875,8.575087,1,-1839.000000,2,-57.000000,-1896.000000,-6678,-5916
876,8.585053,1,-1839.000000,2,-57.000000,-1896.000000,-6678,-5916
877,8.594593,1,-1839.000000,2,-57.000000,-1896.000000,-6678,-5916
878,8.604556,1,-1839.000000,2,-89.000000,-1928.000000,-6678,-5948
879,8.614329,1,-1839.000000,2,-89.000000,-1928.000000,-6678,-5948
880,8.623677,1,-1839.000000,2,-89.000000,-1928.000000,-6678,-5948
881,8.634197,1,-2218.000000,2,-89.000000,-2307.000000,-7057,-5948
882,8.643736,1,-2218.000000,2,-89.000000,-2307.000000,-7057,-5948
883,8.652673,1,-2218.000000,2,-89.000000,-2307.000000,-7057,-5948
884,8.662679,1,-2218.000000,2,-89.000000,-2307.000000,-7057,-5948
885,8.671519,1,-2218.000000,2,-89.000000,-2307.000000,-7057,-5948
886,8.681410,1,-2218.000000,2,-89.000000,-2307.000000,-7057,-5948
887,8.690797,1,-2218.000000,2,-89.000000,-2307.000000,-7057,-5948
888,8.700752,1,-2218.000000,2,-134.000000,-2352.000000,-7057,-5993
889,8.710419,1,-2218.000000,2,-134.000000,-2352.000000,-7057,-5993
890,8.720377,1,-2218.000000,2,-134.000000,-2352.000000,-7057,-5993
891,8.729881,1,-2218.000000,2,-134.000000,-2352.000000,-7057,-5993
892,8.739826,1,-2610.000000,2,-134.000000,-2744.000000,-7449,-5993
893,8.749399,1,-2610.000000,2,-134.000000,-2744.000000,-7449,-5993
894,8.758919,1,-2610.000000,2,-134.000000,-2744.000000,-7449,-5993
895,8.767776,1,-2610.000000,2,-134.000000,-2744.000000,-7449,-5993
896,8.777340,1,-2610.000000,2,-134.000000,-2744.000000,-7449,-5993
897,8.786835,1,-2610.000000,2,-134.000000,-2744.000000,-7449,-5993
898,8.797630,1,-2610.000000,2,-196.000000,-2806.000000,-7449,-6055
899,8.807109,1,-2610.000000,2,-196.000000,-2806.000000,-7449,-6055
900,8.816267,1,-2610.000000,2,-196.000000,-2806.000000,-7449,-6055
901,8.825816,1,-2610.000000,2,-196.000000,-2806.000000,-7449,-6055
902,8.835816,1,-2980.000000,2,-196.000000,-3176.000000,-7819,-6055
903,8.844989,1,-2980.000000,2,-196.000000,-3176.000000,-7819,-6055
904,8.853842,1,-2980.000000,2,-196.000000,-3176.000000,-7819,-6055
905,8.863401,1,-2980.000000,2,-196.000000,-3176.000000,-7819,-6055
906,8.872947,1,-2980.000000,2,-196.000000,-3176.000000,-7819,-6055
907,8.881910,1,-2980.000000,2,-196.000000,-3176.000000,-7819,-6055
908,8.891726,1,-2980.000000,2,-196.000000,-3176.000000,-7819,-6055
909,8.900974,1,-2980.000000,2,-272.000000,-3252.000000,-7819,-6131
910,8.910395,1,-2980.000000,2,-272.000000,-3252.000000,-7819,-6131
911,8.919848,1,-2980.000000,2,-272.000000,-3252.000000,-7819,-6131
912,8.931017,1,-3299.000000,2,-272.000000,-3571.000000,-8138,-6131
913,8.940753,1,-3299.000000,2,-272.000000,-3571.000000,-8138,-6131
914,8.950808,1,-3299.000000,2,-272.000000,-3571.000000,-8138,-6131
915,8.960289,1,-3299.000000,2,-272.000000,-3571.000000,-8138,-6131
916,8.969844,1,-3299.000000,2,-272.000000,-3571.000000,-8138,-6131
917,8.978841,1,-3299.000000,2,-272.000000,-3571.000000,-8138,-6131
918,8.988313,1,-3299.000000,2,-272.000000,-3571.000000,-8138,-6131
919,8.997989,1,-3299.000000,2,-374.000000,-3673.000000,-8138,-6233
920,9.007682,1,-3299.000000,2,-374.000000,-3673.000000,-8138,-6233
921,9.017217,1,-3299.000000,2,-374.000000,-3673.000000,-8138,-6233
922,9.026774,1,-3299.000000,2,-374.000000,-3673.000000,-8138,-6233
923,9.036068,1,-3633.000000,2,-374.000000,-4007.000000,-8472,-6233
924,9.046071,1,-3633.000000,2,-374.000000,-4007.000000,-8472,-6233
925,9.056127,1,-3633.000000,2,-374.000000,-4007.000000,-8472,-6233
926,9.065901,1,-3633.000000,2,-374.000000,-4007.000000,-8472,-6233
927,9.075848,1,-3633.000000,2,-374.000000,-4007.000000,-8472,-6233
928,9.085919,1,-3633.000000,2,-374.000000,-4007.000000,-8472,-6233
929,9.095270,1,-3633.000000,2,-483.000000,-4116.000000,-8472,-6342
930,9.105156,1,-3633.000000,2,-483.000000,-4116.000000,-8472,-6342
931,9.114601,1,-3633.000000,2,-483.000000,-4116.000000,-8472,-6342
932,9.124407,1,-3633.000000,2,-483.000000,-4116.000000,-8472,-6342
933,9.134198,1,-3879.000000,2,-483.000000,-4362.000000,-8718,-6342
934,9.143523,1,-3879.000000,2,-483.000000,-4362.000000,-8718,-6342
935,9.153522,1,-3879.000000,2,-483.000000,-4362.000000,-8718,-6342
936,9.163233,1,-3879.000000,2,-483.000000,-4362.000000,-8718,-6342
937,9.172489,1,-3879.000000,2,-483.000000,-4362.000000,-8718,-6342
938,9.181894,1,-3879.000000,2,-483.000000,-4362.000000,-8718,-6342
939,9.192384,1,-3879.000000,2,-547.000000,-4426.000000,-8718,-6406
940,9.202057,1,-3879.000000,2,-547.000000,-4426.000000,-8718,-6406
941,9.211314,1,-3879.000000,2,-547.000000,-4426.000000,-8718,-6406
942,9.221068,1,-3879.000000,2,-547.000000,-4426.000000,-8718,-6406
943,9.230110,1,-3939.000000,2,-547.000000,-4486.000000,-8778,-6406
944,9.239796,1,-3939.000000,2,-547.000000,-4486.000000,-8778,-6406
945,9.249274,1,-3939.000000,2,-547.000000,-4486.000000,-8778,-6406
946,9.259222,1,-3939.000000,2,-547.000000,-4486.000000,-8778,-6406
947,9.269122,1,-3939.000000,2,-547.000000,-4486.000000,-8778,-6406
948,9.278646,1,-3939.000000,2,-547.000000,-4486.000000,-8778,-6406
949,9.288662,1,-3939.000000,2,-547.000000,-4486.000000,-8778,-6406
950,9.298204,1,-3939.000000,2,-553.000000,-4492.000000,-8778,-6412
951,9.307697,1,-3939.000000,2,-553.000000,-4492.000000,-8778,-6412
952,9.317555,1,-3939.000000,2,-553.000000,-4492.000000,-8778,-6412
953,9.327119,1,-3789.000000,2,-553.000000,-4342.000000,-8628,-6412
954,9.336019,1,-3789.000000,2,-553.000000,-4342.000000,-8628,-6412
955,9.346143,1,-3789.000000,2,-553.000000,-4342.000000,-8628,-6412
956,9.356206,1,-3789.000000,2,-553.000000,-4342.000000,-8628,-6412
957,9.365726,1,-3789.000000,2,-553.000000,-4342.000000,-8628,-6412
958,9.375667,1,-3789.000000,2,-553.000000,-4342.000000,-8628,-6412
959,9.385576,1,-3789.000000,2,-553.000000,-4342.000000,-8628,-6412
960,9.394853,1,-3789.000000,2,-514.000000,-4303.000000,-8628,-6373
961,9.404394,1,-3789.000000,2,-514.000000,-4303.000000,-8628,-6373
962,9.413529,1,-3789.000000,2,-514.000000,-4303.000000,-8628,-6373
963,9.422464,1,-3789.000000,2,-514.000000,-4303.000000,-8628,-6373
964,9.432451,1,-3282.000000,2,-514.000000,-3796.000000,-8121,-6373
965,9.442226,1,-3282.000000,2,-514.000000,-3796.000000,-8121,-6373
966,9.451588,1,-3282.000000,2,-514.000000,-3796.000000,-8121,-6373
967,9.460719,1,-3282.000000,2,-514.000000,-3796.000000,-8121,-6373
968,9.469955,1,-3282.000000,2,-514.000000,-3796.000000,-8121,-6373
969,9.479325,1,-3282.000000,2,-514.000000,-3796.000000,-8121,-6373
970,9.488276,1,-3282.000000,2,-404.000000,-3686.000000,-8121,-6263
971,9.498274,1,-3282.000000,2,-404.000000,-3686.000000,-8121,-6263
972,9.507716,1,-3282.000000,2,-404.000000,-3686.000000,-8121,-6263
973,9.517369,1,-3282.000000,2,-404.000000,-3686.000000,-8121,-6263
974,9.526915,1,-2362.000000,2,-404.000000,-2766.000000,-7201,-6263
975,9.536347,1,-2362.000000,2,-404.000000,-2766.000000,-7201,-6263
976,9.546501,1,-2362.000000,2,-404.000000,-2766.000000,-7201,-6263
977,9.556585,1,-2362.000000,2,-404.000000,-2766.000000,-7201,-6263
978,9.566793,1,-2362.000000,2,-404.000000,-2766.000000,-7201,-6263
979,9.576124,1,-2362.000000,2,-404.000000,-2766.000000,-7201,-6263
980,9.587202,1,-2362.000000,2,-221.000000,-2583.000000,-7201,-6080
981,9.597004,1,-2362.000000,2,-221.000000,-2583.000000,-7201,-6080
982,9.606946,1,-2362.000000,2,-221.000000,-2583.000000,-7201,-6080
983,9.616419,1,-2362.000000,2,-221.000000,-2583.000000,-7201,-6080
984,9.626088,1,-1190.000000,2,-221.000000,-1411.000000,-6029,-6080
985,9.635244,1,-1190.000000,2,-221.000000,-1411.000000,-6029,-6080
986,9.644862,1,-1190.000000,2,-221.000000,-1411.000000,-6029,-6080
987,9.654404,1,-1190.000000,2,-221.000000,-1411.000000,-6029,-6080
988,9.663804,1,-1190.000000,2,-221.000000,-1411.000000,-6029,-6080
989,9.673420,1,-1190.000000,2,-221.000000,-1411.000000,-6029,-6080
990,9.682903,1,-1190.000000,2,-221.000000,-1411.000000,-6029,-6080
991,9.692350,1,-1190.000000,2,-65.000000,-1255.000000,-6029,-5924
992,9.701654,1,-1190.000000,2,-65.000000,-1255.000000,-6029,-5924
993,9.711093,1,-1190.000000,2,-65.000000,-1255.000000,-6029,-5924
994,9.720665,1,-1190.000000,2,-65.000000,-1255.000000,-6029,-5924
995,9.730074,1,-304.000000,2,-65.000000,-369.000000,-5143,-5924
996,9.740045,1,-304.000000,2,-65.000000,-369.000000,-5143,-5924
997,9.750058,1,-304.000000,2,-65.000000,-369.000000,-5143,-5924
998,9.759481,1,-304.000000,2,-65.000000,-369.000000,-5143,-5924
999,9.769112,1,-304.000000,2,-65.000000,-369.000000,-5143,-5924
1000,9.778741,1,-304.000000,2,-65.000000,-369.000000,-5143,-5924
1001,9.788277,1,-304.000000,2,-8.000000,-312.000000,-5143,-5867
1002,9.798192,1,-304.000000,2,-8.000000,-312.000000,-5143,-5867
1003,9.807621,1,-304.000000,2,-8.000000,-312.000000,-5143,-5867
1004,9.817106,1,-304.000000,2,-8.000000,-312.000000,-5143,-5867
1005,9.827052,1,-16.000000,2,-8.000000,-24.000000,-4855,-5867
1006,9.836490,1,-16.000000,2,-8.000000,-24.000000,-4855,-5867
1007,9.846039,1,-16.000000,2,-8.000000,-24.000000,-4855,-5867
1008,9.855902,1,-16.000000,2,-8.000000,-24.000000,-4855,-5867
1009,9.865320,1,-16.000000,2,-8.000000,-24.000000,-4855,-5867
1010,9.873718,1,-16.000000,2,-8.000000,-24.000000,-4855,-5867
1011,9.883561,1,-16.000000,2,-5.000000,-21.000000,-4855,-5864
1012,9.892124,1,-16.000000,2,-5.000000,-21.000000,-4855,-5864
1013,9.901679,1,-16.000000,2,-5.000000,-21.000000,-4855,-5864
1014,9.911080,1,-16.000000,2,-5.000000,-21.000000,-4855,-5864
1015,9.921063,1,4.000000,2,-5.000000,-1.000000,-4835,-5864
1016,9.930760,1,4.000000,2,-5.000000,-1.000000,-4835,-5864
1017,9.940805,1,4.000000,2,-5.000000,-1.000000,-4835,-5864
1018,9.949901,1,4.000000,2,-5.000000,-1.000000,-4835,-5864
1019,9.959578,1,4.000000,2,-5.000000,-1.000000,-4835,-5864
1020,9.969570,1,4.000000,2,-5.000000,-1.000000,-4835,-5864
1021,9.979068,1,4.000000,2,-5.000000,-1.000000,-4835,-5864
1022,9.988686,1,4.000000,2,-5.000000,-1.000000,-4835,-5864
1023,9.997732,1,4.000000,2,-5.000000,-1.000000,-4835,-5864
1024,10.006862,1,4.000000,2,-5.000000,-1.000000,-4835,-5864
